ox,oy,oz
-0.033897578716278076,-0.0872686579823494,-0.015450771898031235
