ox,oy,oz
-0.009578905999660492,-0.08908577263355255,0.03125831112265587
