ox,oy,oz
-0.019717976450920105,-0.09256357699632645,-0.006898853462189436
