ox,oy,oz
0.013278268277645111,-0.09286502003669739,0.012830615974962711
