ox,oy,oz
-0.026753678917884827,-0.08705881237983704,-0.02738521620631218
