ox,oy,oz
0.002819269895553589,-0.09085041284561157,0.02652359940111637
