ox,oy,oz
0.02415047585964203,-0.08975651860237122,0.019224343821406364
