ox,oy,oz
0.0027134865522384644,-0.08521286398172379,0.04184301942586899
