ox,oy,oz
0.030371829867362976,-0.08938294649124146,0.0028206519782543182
