ox,oy,oz
0.005176976323127747,-0.07960392534732819,0.0513879656791687
