ox,oy,oz
0.017178431153297424,-0.07976129651069641,0.04821718856692314
