ox,oy,oz
-0.03130362182855606,-0.08427926898002625,-0.030409984290599823
