ox,oy,oz
0.017995789647102356,-0.09122639149427414,0.019797109067440033
