ox,oy,oz
0.01289365440607071,-0.07974696159362793,0.049252159893512726
