ox,oy,oz
0.01590878516435623,-0.09160060435533524,0.019482824951410294
